{"cameraMode":{"drawMode":0,"name":"Shaded","section":"Shading Mode"},"sceneLighting":true,"audioPlay":false,"sceneViewState":{"m_AlwaysRefresh":false,"showFog":true,"showSkybox":true,"showFlares":true,"showImageEffects":true,"showParticleSystems":true,"showVisualEffectGraphs":true,"m_FxEnabled":true},"in2DMode":false,"pivot":{"x":1042.462158203125,"y":545.2266845703125,"z":39.86549377441406},"rotation":{"x":0.026959536597132684,"y":-0.05245688930153847,"z":0.0014166947221383453,"w":0.9982590079307556},"size":665.6408081054688,"orthographic":true}